record_id,source_table,source_original_path,source_row_number,record_type,experiment_id,stage,experiment_group,description,dataset,evaluation_protocol,modalities,seed,code_root,code_commit,config_path,init_checkpoint,pretrained_path,data_root,derived_data_root,environment_file,launch_command,run_dir,status,lifecycle,best_epoch,rank1,mAP,mINP,rank5,rank10,checkpoint_path,checkpoint_sha256,checkpoint_status,metrics_source,log_source,selection_rule,extra_metrics_json,notes,source_sha256,legacy_checkpoint_path,migration_batch,migration_status,checkpoint_path_status,checkpoint_path_check,legacy_log_source,log_source_status
stage_a_c3_recipe_loss_research_20260829#r0_current,docs/history/stage_a/stage_a_c3_recipe_loss_research_20260831.md,/home/lab929/ybj/experiments/archive/stage_a/SALT-VI-c3-recipe-loss-research-20260829-completed-batch1/provenance/archive_manifest.json,,result,C3-RECIPE-R0-CURRENT,stage_a,stage_a_c3_recipe_loss_research_20260829,Exact current C3 recipe control.,SYSU-MM01,all-search single-shot 10 gallery trials; infrared query to visible gallery; official 10-trial aggregate,RGB + IR,0,/home/lab929/ybj/autoresearch-v2/worktrees/c3-recipe-loss-research-20260829/w1,9b573024e9436ac320b5b101ec48948007841ca5,configs/stage_a/recipe_research/c3_swinir_x2_fixed.yaml,,/home/cgv841/ybj/SALT-VI/pretrained/pmt_sysu/jx_vit_base_p16_224-80ecf9dd.pth,/home/cgv841/datasets/SYSU-MM01/,/home/cgv841/datasets/derived/SYSU-MM01-swinir-x2-pmt256-v1,/home/lab929/ybj/experiments/archive/stage_a/SALT-VI-c3-recipe-loss-research-20260829-completed-batch1/provenance/environment.json,"/home/lab929/ybj/.conda-envs/salt-vi-flash/bin/python /home/lab929/ybj/autoresearch-v2/worktrees/c3-recipe-loss-research-20260829/w1/scripts/train.py --config_select configs/stage_a/recipe_research/c3_swinir_x2_fixed.yaml --CUDA_VISIBLE_DEVICES 2 --gpu_id 0 --set pmt_dcl_weight=0.5 --set pmt_intra_triplet_weight=0.0 --set pmt_metric_ramp_epochs=0 --set pmt_metric_start_epoch=6 --set pmt_msel_weight=0.5 --set pmt_progressive_epoch=6 --set pmt_relation_weight=0.0 --set pmt_triplet_margin=0.1 --set 'triplet_mining=""pmt_hard""' --set 'experiment_name=""r0_current""' --set 'metric_events_path=""/home/lab929/ybj/experiments/stage_a/SALT-VI-c3-recipe-loss-research-20260829/events/r0_current.jsonl""' --set 'metric_experiment_id=""C3-RECIPE-R0-CURRENT""' --set 'output_root=""/home/lab929/ybj/experiments/stage_a/SALT-VI-c3-recipe-loss-research-20260829/runs/r0_current""'",/home/lab929/ybj/experiments/archive/stage_a/SALT-VI-c3-recipe-loss-research-20260829-completed-batch1/runs/r0_current,succeeded,archived,23,0.7004469633102417,0.6843260200904848,0.5676296611064144,,,/home/lab929/ybj/experiments/archive/stage_a/SALT-VI-c3-recipe-loss-research-20260829-completed-batch1/runs/r0_current/sysu/Base/r0_current/models/model_IR_23.pth,,retained_best,/home/lab929/ybj/experiments/archive/stage_a/SALT-VI-c3-recipe-loss-research-20260829-completed-batch1/provenance/final_metrics.json,/home/lab929/ybj/experiments/archive/stage_a/SALT-VI-c3-recipe-loss-research-20260829-completed-batch1/events/r0_current.jsonl,"best evaluated epoch by Rank-1; mAP, mINP, and epoch tie-breakers; official 10-trial aggregate","{""variant"":""r0_current"",""phase"":""schedule"",""overrides"":{""pmt_dcl_weight"":0.5,""pmt_intra_triplet_weight"":0.0,""pmt_metric_ramp_epochs"":0,""pmt_metric_start_epoch"":6,""pmt_msel_weight"":0.5,""pmt_progressive_epoch"":6,""pmt_relation_weight"":0.0,""pmt_triplet_margin"":0.1,""triplet_mining"":""pmt_hard""},""evaluated_epochs"":[1,3,5,7,9,11,13,15,17,19,21,23],""protocol"":""dataset=sysu|search=all|gallery=single|trial_ids=0,1,2,3,4,5,6,7,8,9|direction=infrared-to-visible|backend=identity_text|test_modality=IR|query=infrared-image|gallery_modalities=visible-image|caption_lookup=none|caption_seed=none|caption_source=none"",""archive_integrity"":""bytewise_copy_verified_no_new_checksum""}",Archived in completed batch 1. The final Git index covers all 13 variants; large scientific payload remains in the server archive.,,,20260831_c3_recipe_loss_completed_batch1,archive_verified,exists,bytewise_copy_verified,,present
stage_a_c3_recipe_loss_research_20260829#r1_gray4_coupled,docs/history/stage_a/stage_a_c3_recipe_loss_research_20260831.md,/home/lab929/ybj/experiments/archive/stage_a/SALT-VI-c3-recipe-loss-research-20260829-completed-batch1/provenance/archive_manifest.json,,result,C3-RECIPE-R1-GRAY4-COUPLED,stage_a,stage_a_c3_recipe_loss_research_20260829,Shorter gray stage while retaining the original coupled switch.,SYSU-MM01,all-search single-shot 10 gallery trials; infrared query to visible gallery; official 10-trial aggregate,RGB + IR,0,/home/lab929/ybj/autoresearch-v2/worktrees/c3-recipe-loss-research-20260829/w1,9b573024e9436ac320b5b101ec48948007841ca5,configs/stage_a/recipe_research/c3_swinir_x2_fixed.yaml,,/home/cgv841/ybj/SALT-VI/pretrained/pmt_sysu/jx_vit_base_p16_224-80ecf9dd.pth,/home/cgv841/datasets/SYSU-MM01/,/home/cgv841/datasets/derived/SYSU-MM01-swinir-x2-pmt256-v1,/home/lab929/ybj/experiments/archive/stage_a/SALT-VI-c3-recipe-loss-research-20260829-completed-batch1/provenance/environment.json,"/home/lab929/ybj/.conda-envs/salt-vi-flash/bin/python /home/lab929/ybj/autoresearch-v2/worktrees/c3-recipe-loss-research-20260829/w1/scripts/train.py --config_select configs/stage_a/recipe_research/c3_swinir_x2_fixed.yaml --CUDA_VISIBLE_DEVICES 3 --gpu_id 0 --set pmt_dcl_weight=0.5 --set pmt_intra_triplet_weight=0.0 --set pmt_metric_ramp_epochs=0 --set pmt_metric_start_epoch=4 --set pmt_msel_weight=0.5 --set pmt_progressive_epoch=4 --set pmt_relation_weight=0.0 --set pmt_triplet_margin=0.1 --set 'triplet_mining=""pmt_hard""' --set 'experiment_name=""r1_gray4_coupled""' --set 'metric_events_path=""/home/lab929/ybj/experiments/stage_a/SALT-VI-c3-recipe-loss-research-20260829/events/r1_gray4_coupled.jsonl""' --set 'metric_experiment_id=""C3-RECIPE-R1-GRAY4-COUPLED""' --set 'output_root=""/home/lab929/ybj/experiments/stage_a/SALT-VI-c3-recipe-loss-research-20260829/runs/r1_gray4_coupled""'",/home/lab929/ybj/experiments/archive/stage_a/SALT-VI-c3-recipe-loss-research-20260829-completed-batch1/runs/r1_gray4_coupled,succeeded,archived,19,0.6819089651107788,0.6699982226757235,0.5549923548162632,,,/home/lab929/ybj/experiments/archive/stage_a/SALT-VI-c3-recipe-loss-research-20260829-completed-batch1/runs/r1_gray4_coupled/sysu/Base/r1_gray4_coupled/models/model_IR_19.pth,,retained_best,/home/lab929/ybj/experiments/archive/stage_a/SALT-VI-c3-recipe-loss-research-20260829-completed-batch1/provenance/final_metrics.json,/home/lab929/ybj/experiments/archive/stage_a/SALT-VI-c3-recipe-loss-research-20260829-completed-batch1/events/r1_gray4_coupled.jsonl,"best evaluated epoch by Rank-1; mAP, mINP, and epoch tie-breakers; official 10-trial aggregate","{""variant"":""r1_gray4_coupled"",""phase"":""schedule"",""overrides"":{""pmt_dcl_weight"":0.5,""pmt_intra_triplet_weight"":0.0,""pmt_metric_ramp_epochs"":0,""pmt_metric_start_epoch"":4,""pmt_msel_weight"":0.5,""pmt_progressive_epoch"":4,""pmt_relation_weight"":0.0,""pmt_triplet_margin"":0.1,""triplet_mining"":""pmt_hard""},""evaluated_epochs"":[1,3,5,7,9,11,13,15,17,19,21,23],""protocol"":""dataset=sysu|search=all|gallery=single|trial_ids=0,1,2,3,4,5,6,7,8,9|direction=infrared-to-visible|backend=identity_text|test_modality=IR|query=infrared-image|gallery_modalities=visible-image|caption_lookup=none|caption_seed=none|caption_source=none"",""archive_integrity"":""bytewise_copy_verified_no_new_checksum""}",Archived in completed batch 1. The final Git index covers all 13 variants; large scientific payload remains in the server archive.,,,20260831_c3_recipe_loss_completed_batch1,archive_verified,exists,bytewise_copy_verified,,present
stage_a_c3_recipe_loss_research_20260829#r2_gray4_decoupled_ramp3,docs/history/stage_a/stage_a_c3_recipe_loss_research_20260831.md,/home/lab929/ybj/experiments/archive/stage_a/SALT-VI-c3-recipe-loss-research-20260829-completed-batch1/provenance/archive_manifest.json,,result,C3-RECIPE-R2-GRAY4-DECOUPLED-RAMP3,stage_a,stage_a_c3_recipe_loss_research_20260829,RGB starts at epoch 4; MSEL/DCL start at epoch 6 with a 3-epoch ramp.,SYSU-MM01,all-search single-shot 10 gallery trials; infrared query to visible gallery; official 10-trial aggregate,RGB + IR,0,/home/lab929/ybj/autoresearch-v2/worktrees/c3-recipe-loss-research-20260829/w1,9b573024e9436ac320b5b101ec48948007841ca5,configs/stage_a/recipe_research/c3_swinir_x2_fixed.yaml,,/home/cgv841/ybj/SALT-VI/pretrained/pmt_sysu/jx_vit_base_p16_224-80ecf9dd.pth,/home/cgv841/datasets/SYSU-MM01/,/home/cgv841/datasets/derived/SYSU-MM01-swinir-x2-pmt256-v1,/home/lab929/ybj/experiments/archive/stage_a/SALT-VI-c3-recipe-loss-research-20260829-completed-batch1/provenance/environment.json,"/home/lab929/ybj/.conda-envs/salt-vi-flash/bin/python /home/lab929/ybj/autoresearch-v2/worktrees/c3-recipe-loss-research-20260829/w1/scripts/train.py --config_select configs/stage_a/recipe_research/c3_swinir_x2_fixed.yaml --CUDA_VISIBLE_DEVICES 2 --gpu_id 0 --set pmt_dcl_weight=0.5 --set pmt_intra_triplet_weight=0.0 --set pmt_metric_ramp_epochs=3 --set pmt_metric_start_epoch=6 --set pmt_msel_weight=0.5 --set pmt_progressive_epoch=4 --set pmt_relation_weight=0.0 --set pmt_triplet_margin=0.1 --set 'triplet_mining=""pmt_hard""' --set 'experiment_name=""r2_gray4_decoupled_ramp3""' --set 'metric_events_path=""/home/lab929/ybj/experiments/stage_a/SALT-VI-c3-recipe-loss-research-20260829/events/r2_gray4_decoupled_ramp3.jsonl""' --set 'metric_experiment_id=""C3-RECIPE-R2-GRAY4-DECOUPLED-RAMP3""' --set 'output_root=""/home/lab929/ybj/experiments/stage_a/SALT-VI-c3-recipe-loss-research-20260829/runs/r2_gray4_decoupled_ramp3""'",/home/lab929/ybj/experiments/archive/stage_a/SALT-VI-c3-recipe-loss-research-20260829-completed-batch1/runs/r2_gray4_decoupled_ramp3,succeeded,archived,23,0.6799894571304321,0.6689927983326398,0.5565616522297299,,,/home/lab929/ybj/experiments/archive/stage_a/SALT-VI-c3-recipe-loss-research-20260829-completed-batch1/runs/r2_gray4_decoupled_ramp3/sysu/Base/r2_gray4_decoupled_ramp3/models/model_IR_23.pth,,retained_best,/home/lab929/ybj/experiments/archive/stage_a/SALT-VI-c3-recipe-loss-research-20260829-completed-batch1/provenance/final_metrics.json,/home/lab929/ybj/experiments/archive/stage_a/SALT-VI-c3-recipe-loss-research-20260829-completed-batch1/events/r2_gray4_decoupled_ramp3.jsonl,"best evaluated epoch by Rank-1; mAP, mINP, and epoch tie-breakers; official 10-trial aggregate","{""variant"":""r2_gray4_decoupled_ramp3"",""phase"":""schedule"",""overrides"":{""pmt_dcl_weight"":0.5,""pmt_intra_triplet_weight"":0.0,""pmt_metric_ramp_epochs"":3,""pmt_metric_start_epoch"":6,""pmt_msel_weight"":0.5,""pmt_progressive_epoch"":4,""pmt_relation_weight"":0.0,""pmt_triplet_margin"":0.1,""triplet_mining"":""pmt_hard""},""evaluated_epochs"":[1,3,5,7,9,11,13,15,17,19,21,23],""protocol"":""dataset=sysu|search=all|gallery=single|trial_ids=0,1,2,3,4,5,6,7,8,9|direction=infrared-to-visible|backend=identity_text|test_modality=IR|query=infrared-image|gallery_modalities=visible-image|caption_lookup=none|caption_seed=none|caption_source=none"",""archive_integrity"":""bytewise_copy_verified_no_new_checksum""}",Archived in completed batch 1. The final Git index covers all 13 variants; large scientific payload remains in the server archive.,,,20260831_c3_recipe_loss_completed_batch1,archive_verified,exists,bytewise_copy_verified,,present
stage_a_c3_recipe_loss_research_20260829#l0_no_aux,docs/history/stage_a/stage_a_c3_recipe_loss_research_20260831.md,/home/lab929/ybj/experiments/archive/stage_a/SALT-VI-c3-recipe-loss-research-20260829-completed-batch1/provenance/archive_manifest.json,,result,C3-RECIPE-L0-NO-AUX,stage_a,stage_a_c3_recipe_loss_research_20260829,ID and PMT-hard triplet without MSEL or DCL.,SYSU-MM01,all-search single-shot 10 gallery trials; infrared query to visible gallery; official 10-trial aggregate,RGB + IR,0,/home/lab929/ybj/autoresearch-v2/worktrees/c3-recipe-loss-research-20260829/w1,9b573024e9436ac320b5b101ec48948007841ca5,configs/stage_a/recipe_research/c3_swinir_x2_fixed.yaml,,/home/cgv841/ybj/SALT-VI/pretrained/pmt_sysu/jx_vit_base_p16_224-80ecf9dd.pth,/home/cgv841/datasets/SYSU-MM01/,/home/cgv841/datasets/derived/SYSU-MM01-swinir-x2-pmt256-v1,/home/lab929/ybj/experiments/archive/stage_a/SALT-VI-c3-recipe-loss-research-20260829-completed-batch1/provenance/environment.json,"/home/lab929/ybj/.conda-envs/salt-vi-flash/bin/python /home/lab929/ybj/autoresearch-v2/worktrees/c3-recipe-loss-research-20260829/w1/scripts/train.py --config_select configs/stage_a/recipe_research/c3_swinir_x2_fixed.yaml --CUDA_VISIBLE_DEVICES 3 --gpu_id 0 --set pmt_dcl_weight=0.0 --set pmt_intra_triplet_weight=0.0 --set pmt_metric_ramp_epochs=3 --set pmt_metric_start_epoch=6 --set pmt_msel_weight=0.0 --set pmt_progressive_epoch=4 --set pmt_relation_weight=0.0 --set pmt_triplet_margin=0.1 --set 'triplet_mining=""pmt_hard""' --set 'experiment_name=""l0_no_aux""' --set 'metric_events_path=""/home/lab929/ybj/experiments/stage_a/SALT-VI-c3-recipe-loss-research-20260829/events/l0_no_aux.jsonl""' --set 'metric_experiment_id=""C3-RECIPE-L0-NO-AUX""' --set 'output_root=""/home/lab929/ybj/experiments/stage_a/SALT-VI-c3-recipe-loss-research-20260829/runs/l0_no_aux""'",/home/lab929/ybj/experiments/archive/stage_a/SALT-VI-c3-recipe-loss-research-20260829-completed-batch1/runs/l0_no_aux,succeeded,archived,23,0.6363134384155273,0.6187712350747232,0.4907341441528404,,,/home/lab929/ybj/experiments/archive/stage_a/SALT-VI-c3-recipe-loss-research-20260829-completed-batch1/runs/l0_no_aux/sysu/Base/l0_no_aux/models/model_IR_23.pth,,retained_best,/home/lab929/ybj/experiments/archive/stage_a/SALT-VI-c3-recipe-loss-research-20260829-completed-batch1/provenance/final_metrics.json,/home/lab929/ybj/experiments/archive/stage_a/SALT-VI-c3-recipe-loss-research-20260829-completed-batch1/events/l0_no_aux.jsonl,"best evaluated epoch by Rank-1; mAP, mINP, and epoch tie-breakers; official 10-trial aggregate","{""variant"":""l0_no_aux"",""phase"":""loss_necessity"",""overrides"":{""pmt_dcl_weight"":0.0,""pmt_intra_triplet_weight"":0.0,""pmt_metric_ramp_epochs"":3,""pmt_metric_start_epoch"":6,""pmt_msel_weight"":0.0,""pmt_progressive_epoch"":4,""pmt_relation_weight"":0.0,""pmt_triplet_margin"":0.1,""triplet_mining"":""pmt_hard""},""evaluated_epochs"":[1,3,5,7,9,11,13,15,17,19,21,23],""protocol"":""dataset=sysu|search=all|gallery=single|trial_ids=0,1,2,3,4,5,6,7,8,9|direction=infrared-to-visible|backend=identity_text|test_modality=IR|query=infrared-image|gallery_modalities=visible-image|caption_lookup=none|caption_seed=none|caption_source=none"",""archive_integrity"":""bytewise_copy_verified_no_new_checksum""}",Archived in completed batch 1. The final Git index covers all 13 variants; large scientific payload remains in the server archive.,,,20260831_c3_recipe_loss_completed_batch1,archive_verified,exists,bytewise_copy_verified,,present
stage_a_c3_recipe_loss_research_20260829#l1_msel_only,docs/history/stage_a/stage_a_c3_recipe_loss_research_20260831.md,/home/lab929/ybj/experiments/archive/stage_a/SALT-VI-c3-recipe-loss-research-20260829-completed-batch1/provenance/archive_manifest.json,,result,C3-RECIPE-L1-MSEL-ONLY,stage_a,stage_a_c3_recipe_loss_research_20260829,Isolate MSEL necessity.,SYSU-MM01,all-search single-shot 10 gallery trials; infrared query to visible gallery; official 10-trial aggregate,RGB + IR,0,/home/lab929/ybj/autoresearch-v2/worktrees/c3-recipe-loss-research-20260829/w1,9b573024e9436ac320b5b101ec48948007841ca5,configs/stage_a/recipe_research/c3_swinir_x2_fixed.yaml,,/home/cgv841/ybj/SALT-VI/pretrained/pmt_sysu/jx_vit_base_p16_224-80ecf9dd.pth,/home/cgv841/datasets/SYSU-MM01/,/home/cgv841/datasets/derived/SYSU-MM01-swinir-x2-pmt256-v1,/home/lab929/ybj/experiments/archive/stage_a/SALT-VI-c3-recipe-loss-research-20260829-completed-batch1/provenance/environment.json,"/home/lab929/ybj/.conda-envs/salt-vi-flash/bin/python /home/lab929/ybj/autoresearch-v2/worktrees/c3-recipe-loss-research-20260829/w1/scripts/train.py --config_select configs/stage_a/recipe_research/c3_swinir_x2_fixed.yaml --CUDA_VISIBLE_DEVICES 2 --gpu_id 0 --set pmt_dcl_weight=0.0 --set pmt_intra_triplet_weight=0.0 --set pmt_metric_ramp_epochs=3 --set pmt_metric_start_epoch=6 --set pmt_msel_weight=0.5 --set pmt_progressive_epoch=4 --set pmt_relation_weight=0.0 --set pmt_triplet_margin=0.1 --set 'triplet_mining=""pmt_hard""' --set 'experiment_name=""l1_msel_only""' --set 'metric_events_path=""/home/lab929/ybj/experiments/stage_a/SALT-VI-c3-recipe-loss-research-20260829/events/l1_msel_only.jsonl""' --set 'metric_experiment_id=""C3-RECIPE-L1-MSEL-ONLY""' --set 'output_root=""/home/lab929/ybj/experiments/stage_a/SALT-VI-c3-recipe-loss-research-20260829/runs/l1_msel_only""'",/home/lab929/ybj/experiments/archive/stage_a/SALT-VI-c3-recipe-loss-research-20260829-completed-batch1/runs/l1_msel_only,succeeded,archived,23,0.6717065572738647,0.6424872130806855,0.5093490073725594,,,/home/lab929/ybj/experiments/archive/stage_a/SALT-VI-c3-recipe-loss-research-20260829-completed-batch1/runs/l1_msel_only/sysu/Base/l1_msel_only/models/model_IR_23.pth,,retained_best,/home/lab929/ybj/experiments/archive/stage_a/SALT-VI-c3-recipe-loss-research-20260829-completed-batch1/provenance/final_metrics.json,/home/lab929/ybj/experiments/archive/stage_a/SALT-VI-c3-recipe-loss-research-20260829-completed-batch1/events/l1_msel_only.jsonl,"best evaluated epoch by Rank-1; mAP, mINP, and epoch tie-breakers; official 10-trial aggregate","{""variant"":""l1_msel_only"",""phase"":""loss_necessity"",""overrides"":{""pmt_dcl_weight"":0.0,""pmt_intra_triplet_weight"":0.0,""pmt_metric_ramp_epochs"":3,""pmt_metric_start_epoch"":6,""pmt_msel_weight"":0.5,""pmt_progressive_epoch"":4,""pmt_relation_weight"":0.0,""pmt_triplet_margin"":0.1,""triplet_mining"":""pmt_hard""},""evaluated_epochs"":[1,3,5,7,9,11,13,15,17,19,21,23],""protocol"":""dataset=sysu|search=all|gallery=single|trial_ids=0,1,2,3,4,5,6,7,8,9|direction=infrared-to-visible|backend=identity_text|test_modality=IR|query=infrared-image|gallery_modalities=visible-image|caption_lookup=none|caption_seed=none|caption_source=none"",""archive_integrity"":""bytewise_copy_verified_no_new_checksum""}",Archived in completed batch 1. The final Git index covers all 13 variants; large scientific payload remains in the server archive.,,,20260831_c3_recipe_loss_completed_batch1,archive_verified,exists,bytewise_copy_verified,,present
stage_a_c3_recipe_loss_research_20260829#l2_dcl_only,docs/history/stage_a/stage_a_c3_recipe_loss_research_20260831.md,/home/lab929/ybj/experiments/archive/stage_a/SALT-VI-c3-recipe-loss-research-20260829-completed-batch1/provenance/archive_manifest.json,,result,C3-RECIPE-L2-DCL-ONLY,stage_a,stage_a_c3_recipe_loss_research_20260829,Isolate DCL necessity and its suspected over-alignment pressure.,SYSU-MM01,all-search single-shot 10 gallery trials; infrared query to visible gallery; official 10-trial aggregate,RGB + IR,0,/home/lab929/ybj/autoresearch-v2/worktrees/c3-recipe-loss-research-20260829/w1,9b573024e9436ac320b5b101ec48948007841ca5,configs/stage_a/recipe_research/c3_swinir_x2_fixed.yaml,,/home/cgv841/ybj/SALT-VI/pretrained/pmt_sysu/jx_vit_base_p16_224-80ecf9dd.pth,/home/cgv841/datasets/SYSU-MM01/,/home/cgv841/datasets/derived/SYSU-MM01-swinir-x2-pmt256-v1,/home/lab929/ybj/experiments/archive/stage_a/SALT-VI-c3-recipe-loss-research-20260829-completed-batch1/provenance/environment.json,"/home/lab929/ybj/.conda-envs/salt-vi-flash/bin/python /home/lab929/ybj/autoresearch-v2/worktrees/c3-recipe-loss-research-20260829/w1/scripts/train.py --config_select configs/stage_a/recipe_research/c3_swinir_x2_fixed.yaml --CUDA_VISIBLE_DEVICES 3 --gpu_id 0 --set pmt_dcl_weight=0.5 --set pmt_intra_triplet_weight=0.0 --set pmt_metric_ramp_epochs=3 --set pmt_metric_start_epoch=6 --set pmt_msel_weight=0.0 --set pmt_progressive_epoch=4 --set pmt_relation_weight=0.0 --set pmt_triplet_margin=0.1 --set 'triplet_mining=""pmt_hard""' --set 'experiment_name=""l2_dcl_only""' --set 'metric_events_path=""/home/lab929/ybj/experiments/stage_a/SALT-VI-c3-recipe-loss-research-20260829/events/l2_dcl_only.jsonl""' --set 'metric_experiment_id=""C3-RECIPE-L2-DCL-ONLY""' --set 'output_root=""/home/lab929/ybj/experiments/stage_a/SALT-VI-c3-recipe-loss-research-20260829/runs/l2_dcl_only""'",/home/lab929/ybj/experiments/archive/stage_a/SALT-VI-c3-recipe-loss-research-20260829-completed-batch1/runs/l2_dcl_only,succeeded,archived,23,0.6398369073867798,0.6419649134746448,0.5341575475710549,,,/home/lab929/ybj/experiments/archive/stage_a/SALT-VI-c3-recipe-loss-research-20260829-completed-batch1/runs/l2_dcl_only/sysu/Base/l2_dcl_only/models/model_IR_23.pth,,retained_best,/home/lab929/ybj/experiments/archive/stage_a/SALT-VI-c3-recipe-loss-research-20260829-completed-batch1/provenance/final_metrics.json,/home/lab929/ybj/experiments/archive/stage_a/SALT-VI-c3-recipe-loss-research-20260829-completed-batch1/events/l2_dcl_only.jsonl,"best evaluated epoch by Rank-1; mAP, mINP, and epoch tie-breakers; official 10-trial aggregate","{""variant"":""l2_dcl_only"",""phase"":""loss_necessity"",""overrides"":{""pmt_dcl_weight"":0.5,""pmt_intra_triplet_weight"":0.0,""pmt_metric_ramp_epochs"":3,""pmt_metric_start_epoch"":6,""pmt_msel_weight"":0.0,""pmt_progressive_epoch"":4,""pmt_relation_weight"":0.0,""pmt_triplet_margin"":0.1,""triplet_mining"":""pmt_hard""},""evaluated_epochs"":[1,3,5,7,9,11,13,15,17,19,21,23],""protocol"":""dataset=sysu|search=all|gallery=single|trial_ids=0,1,2,3,4,5,6,7,8,9|direction=infrared-to-visible|backend=identity_text|test_modality=IR|query=infrared-image|gallery_modalities=visible-image|caption_lookup=none|caption_seed=none|caption_source=none"",""archive_integrity"":""bytewise_copy_verified_no_new_checksum""}",Archived in completed batch 1. The final Git index covers all 13 variants; large scientific payload remains in the server archive.,,,20260831_c3_recipe_loss_completed_batch1,archive_verified,exists,bytewise_copy_verified,,present
stage_a_c3_recipe_loss_research_20260829#l4_msel050_dcl010,docs/history/stage_a/stage_a_c3_recipe_loss_research_20260831.md,/home/lab929/ybj/experiments/archive/stage_a/SALT-VI-c3-recipe-loss-research-20260829-completed-batch1/provenance/archive_manifest.json,,result,C3-RECIPE-L4-MSEL050-DCL010,stage_a,stage_a_c3_recipe_loss_research_20260829,Preserve MSEL while reducing the late-training dominant DCL term.,SYSU-MM01,all-search single-shot 10 gallery trials; infrared query to visible gallery; official 10-trial aggregate,RGB + IR,0,/home/lab929/ybj/autoresearch-v2/worktrees/c3-recipe-loss-research-20260829/w1,9b573024e9436ac320b5b101ec48948007841ca5,configs/stage_a/recipe_research/c3_swinir_x2_fixed.yaml,,/home/cgv841/ybj/SALT-VI/pretrained/pmt_sysu/jx_vit_base_p16_224-80ecf9dd.pth,/home/cgv841/datasets/SYSU-MM01/,/home/cgv841/datasets/derived/SYSU-MM01-swinir-x2-pmt256-v1,/home/lab929/ybj/experiments/archive/stage_a/SALT-VI-c3-recipe-loss-research-20260829-completed-batch1/provenance/environment.json,"/home/lab929/ybj/.conda-envs/salt-vi-flash/bin/python /home/lab929/ybj/autoresearch-v2/worktrees/c3-recipe-loss-research-20260829/w1/scripts/train.py --config_select configs/stage_a/recipe_research/c3_swinir_x2_fixed.yaml --CUDA_VISIBLE_DEVICES 2 --gpu_id 0 --set pmt_dcl_weight=0.1 --set pmt_intra_triplet_weight=0.0 --set pmt_metric_ramp_epochs=3 --set pmt_metric_start_epoch=6 --set pmt_msel_weight=0.5 --set pmt_progressive_epoch=4 --set pmt_relation_weight=0.0 --set pmt_triplet_margin=0.1 --set 'triplet_mining=""pmt_hard""' --set 'experiment_name=""l4_msel050_dcl010""' --set 'metric_events_path=""/home/lab929/ybj/experiments/stage_a/SALT-VI-c3-recipe-loss-research-20260829/events/l4_msel050_dcl010.jsonl""' --set 'metric_experiment_id=""C3-RECIPE-L4-MSEL050-DCL010""' --set 'output_root=""/home/lab929/ybj/experiments/stage_a/SALT-VI-c3-recipe-loss-research-20260829/runs/l4_msel050_dcl010""'",/home/lab929/ybj/experiments/archive/stage_a/SALT-VI-c3-recipe-loss-research-20260829-completed-batch1/runs/l4_msel050_dcl010,succeeded,archived,23,0.6815934777259827,0.658002807463128,0.5327614115067164,,,/home/lab929/ybj/experiments/archive/stage_a/SALT-VI-c3-recipe-loss-research-20260829-completed-batch1/runs/l4_msel050_dcl010/sysu/Base/l4_msel050_dcl010/models/model_IR_23.pth,,retained_best,/home/lab929/ybj/experiments/archive/stage_a/SALT-VI-c3-recipe-loss-research-20260829-completed-batch1/provenance/final_metrics.json,/home/lab929/ybj/experiments/archive/stage_a/SALT-VI-c3-recipe-loss-research-20260829-completed-batch1/events/l4_msel050_dcl010.jsonl,"best evaluated epoch by Rank-1; mAP, mINP, and epoch tie-breakers; official 10-trial aggregate","{""variant"":""l4_msel050_dcl010"",""phase"":""loss_necessity"",""overrides"":{""pmt_dcl_weight"":0.1,""pmt_intra_triplet_weight"":0.0,""pmt_metric_ramp_epochs"":3,""pmt_metric_start_epoch"":6,""pmt_msel_weight"":0.5,""pmt_progressive_epoch"":4,""pmt_relation_weight"":0.0,""pmt_triplet_margin"":0.1,""triplet_mining"":""pmt_hard""},""evaluated_epochs"":[1,3,5,7,9,11,13,15,17,19,21,23],""protocol"":""dataset=sysu|search=all|gallery=single|trial_ids=0,1,2,3,4,5,6,7,8,9|direction=infrared-to-visible|backend=identity_text|test_modality=IR|query=infrared-image|gallery_modalities=visible-image|caption_lookup=none|caption_seed=none|caption_source=none"",""archive_integrity"":""bytewise_copy_verified_no_new_checksum""}",Archived in completed batch 1. The final Git index covers all 13 variants; large scientific payload remains in the server archive.,,,20260831_c3_recipe_loss_completed_batch1,archive_verified,exists,bytewise_copy_verified,,present
stage_a_c3_recipe_loss_research_20260829#m1_cm_margin005,docs/history/stage_a/stage_a_c3_recipe_loss_research_20260831.md,/home/lab929/ybj/experiments/archive/stage_a/SALT-VI-c3-recipe-loss-research-20260829-completed-batch1/provenance/archive_manifest.json,,result,C3-RECIPE-M1-CM-MARGIN005,stage_a,stage_a_c3_recipe_loss_research_20260829,Cross-modal-only hard mining with a smaller margin.,SYSU-MM01,all-search single-shot 10 gallery trials; infrared query to visible gallery; official 10-trial aggregate,RGB + IR,0,/home/lab929/ybj/autoresearch-v2/worktrees/c3-recipe-loss-research-20260829/w1,9b573024e9436ac320b5b101ec48948007841ca5,configs/stage_a/recipe_research/c3_swinir_x2_fixed.yaml,,/home/cgv841/ybj/SALT-VI/pretrained/pmt_sysu/jx_vit_base_p16_224-80ecf9dd.pth,/home/cgv841/datasets/SYSU-MM01/,/home/cgv841/datasets/derived/SYSU-MM01-swinir-x2-pmt256-v1,/home/lab929/ybj/experiments/archive/stage_a/SALT-VI-c3-recipe-loss-research-20260829-completed-batch1/provenance/environment.json,"/home/lab929/ybj/.conda-envs/salt-vi-flash/bin/python /home/lab929/ybj/autoresearch-v2/worktrees/c3-recipe-loss-research-20260829/w1/scripts/train.py --config_select configs/stage_a/recipe_research/c3_swinir_x2_fixed.yaml --CUDA_VISIBLE_DEVICES 3 --gpu_id 0 --set pmt_dcl_weight=0.1 --set pmt_intra_triplet_weight=0.0 --set pmt_metric_ramp_epochs=3 --set pmt_metric_start_epoch=6 --set pmt_msel_weight=0.5 --set pmt_progressive_epoch=4 --set pmt_relation_weight=0.0 --set pmt_triplet_margin=0.05 --set 'triplet_mining=""pmt_cross_modal_hard""' --set 'experiment_name=""m1_cm_margin005""' --set 'metric_events_path=""/home/lab929/ybj/experiments/stage_a/SALT-VI-c3-recipe-loss-research-20260829/events/m1_cm_margin005.jsonl""' --set 'metric_experiment_id=""C3-RECIPE-M1-CM-MARGIN005""' --set 'output_root=""/home/lab929/ybj/experiments/stage_a/SALT-VI-c3-recipe-loss-research-20260829/runs/m1_cm_margin005""'",/home/lab929/ybj/experiments/archive/stage_a/SALT-VI-c3-recipe-loss-research-20260829-completed-batch1/runs/m1_cm_margin005,succeeded,archived,23,0.692847728729248,0.6630688609745862,0.5330649894409674,,,/home/lab929/ybj/experiments/archive/stage_a/SALT-VI-c3-recipe-loss-research-20260829-completed-batch1/runs/m1_cm_margin005/sysu/Base/m1_cm_margin005/models/model_IR_23.pth,,retained_best,/home/lab929/ybj/experiments/archive/stage_a/SALT-VI-c3-recipe-loss-research-20260829-completed-batch1/provenance/final_metrics.json,/home/lab929/ybj/experiments/archive/stage_a/SALT-VI-c3-recipe-loss-research-20260829-completed-batch1/events/m1_cm_margin005.jsonl,"best evaluated epoch by Rank-1; mAP, mINP, and epoch tie-breakers; official 10-trial aggregate","{""variant"":""m1_cm_margin005"",""phase"":""mining_margin"",""overrides"":{""pmt_dcl_weight"":0.1,""pmt_intra_triplet_weight"":0.0,""pmt_metric_ramp_epochs"":3,""pmt_metric_start_epoch"":6,""pmt_msel_weight"":0.5,""pmt_progressive_epoch"":4,""pmt_relation_weight"":0.0,""pmt_triplet_margin"":0.05,""triplet_mining"":""pmt_cross_modal_hard""},""evaluated_epochs"":[1,3,5,7,9,11,13,15,17,19,21,23],""protocol"":""dataset=sysu|search=all|gallery=single|trial_ids=0,1,2,3,4,5,6,7,8,9|direction=infrared-to-visible|backend=identity_text|test_modality=IR|query=infrared-image|gallery_modalities=visible-image|caption_lookup=none|caption_seed=none|caption_source=none"",""archive_integrity"":""bytewise_copy_verified_no_new_checksum""}",Archived in completed batch 1. The final Git index covers all 13 variants; large scientific payload remains in the server archive.,,,20260831_c3_recipe_loss_completed_batch1,archive_verified,exists,bytewise_copy_verified,,present
stage_a_c3_recipe_loss_research_20260829#m2_cm_margin010,docs/history/stage_a/stage_a_c3_recipe_loss_research_20260831.md,/home/lab929/ybj/experiments/archive/stage_a/SALT-VI-c3-recipe-loss-research-20260829-final-batch2/provenance/archive_manifest.json,,result,C3-RECIPE-M2-CM-MARGIN010,stage_a,stage_a_c3_recipe_loss_research_20260829,Cross-modal-only hard mining at the inherited margin.,SYSU-MM01,all-search single-shot 10 gallery trials; infrared query to visible gallery; official 10-trial aggregate,RGB + IR,0,/home/lab929/ybj/autoresearch-v2/worktrees/c3-recipe-loss-research-20260829/w1,9b573024e9436ac320b5b101ec48948007841ca5,configs/stage_a/recipe_research/c3_swinir_x2_fixed.yaml,,/home/cgv841/ybj/SALT-VI/pretrained/pmt_sysu/jx_vit_base_p16_224-80ecf9dd.pth,/home/cgv841/datasets/SYSU-MM01/,/home/cgv841/datasets/derived/SYSU-MM01-swinir-x2-pmt256-v1,/home/lab929/ybj/experiments/archive/stage_a/SALT-VI-c3-recipe-loss-research-20260829-final-batch2/provenance/batch1_source_snapshot/environment.json,"python scripts/train.py --config_select configs/stage_a/recipe_research/c3_swinir_x2_fixed.yaml --set experiment_name=""m2_cm_margin010"" --set metric_events_path=""/home/lab929/ybj/experiments/stage_a/SALT-VI-c3-recipe-loss-research-20260829/events/m2_cm_margin010.jsonl"" --set metric_experiment_id=""C3-RECIPE-M2-CM-MARGIN010"" --set output_root=""/home/lab929/ybj/experiments/stage_a/SALT-VI-c3-recipe-loss-research-20260829/runs/m2_cm_margin010"" --set pmt_dcl_weight=0.1 --set pmt_intra_triplet_weight=0.0 --set pmt_metric_ramp_epochs=3 --set pmt_metric_start_epoch=6 --set pmt_msel_weight=0.5 --set pmt_progressive_epoch=4 --set pmt_relation_weight=0.0 --set pmt_triplet_margin=0.1 --set triplet_mining=""pmt_cross_modal_hard""",/home/lab929/ybj/experiments/archive/stage_a/SALT-VI-c3-recipe-loss-research-20260829-final-batch2/runs/m2_cm_margin010,succeeded,archived,19,0.6879568696022034,0.6556608507425005,0.5227445471103906,,,/home/lab929/ybj/experiments/archive/stage_a/SALT-VI-c3-recipe-loss-research-20260829-final-batch2/runs/m2_cm_margin010/sysu/Base/m2_cm_margin010/models/model_IR_19.pth,,retained_best,/home/lab929/ybj/experiments/archive/stage_a/SALT-VI-c3-recipe-loss-research-20260829-final-batch2/provenance/final_metrics.json,/home/lab929/ybj/experiments/archive/stage_a/SALT-VI-c3-recipe-loss-research-20260829-final-batch2/events/m2_cm_margin010.jsonl,best evaluated epoch by Rank-1; official 10-trial aggregate,"{""variant"":""m2_cm_margin010"",""phase"":""mining_margin"",""overrides"":{""pmt_dcl_weight"":0.1,""pmt_intra_triplet_weight"":0.0,""pmt_metric_ramp_epochs"":3,""pmt_metric_start_epoch"":6,""pmt_msel_weight"":0.5,""pmt_progressive_epoch"":4,""pmt_relation_weight"":0.0,""pmt_triplet_margin"":0.1,""triplet_mining"":""pmt_cross_modal_hard""},""runtime_overrides"":{""experiment_name"":""m2_cm_margin010"",""metric_events_path"":""/home/lab929/ybj/experiments/stage_a/SALT-VI-c3-recipe-loss-research-20260829/events/m2_cm_margin010.jsonl"",""metric_experiment_id"":""C3-RECIPE-M2-CM-MARGIN010"",""output_root"":""/home/lab929/ybj/experiments/stage_a/SALT-VI-c3-recipe-loss-research-20260829/runs/m2_cm_margin010""},""evaluated_epochs"":[1,3,5,7,9,11,13,15,17,19,21,23],""protocol"":""dataset=sysu|search=all|gallery=single|trial_ids=0,1,2,3,4,5,6,7,8,9|direction=infrared-to-visible|backend=identity_text|test_modality=IR|query=infrared-image|gallery_modalities=visible-image|caption_lookup=none|caption_seed=none|caption_source=none"",""metrics_scope"":""official_completed_run"",""archive_integrity"":""bytewise_copy_verified_no_new_checksum""}","Single seed. Resolved config, run manifest, best model, optimizer state, events, and launcher log retained.",,,20260831_c3_recipe_loss_final_batch2,archive_verified,exists,bytewise_copy_verified,,present
stage_a_c3_recipe_loss_research_20260829#m3_cm_margin020,docs/history/stage_a/stage_a_c3_recipe_loss_research_20260831.md,/home/lab929/ybj/experiments/archive/stage_a/SALT-VI-c3-recipe-loss-research-20260829-final-batch2/provenance/archive_manifest.json,,result,C3-RECIPE-M3-CM-MARGIN020,stage_a,stage_a_c3_recipe_loss_research_20260829,Cross-modal-only hard mining with a larger margin.,SYSU-MM01,all-search single-shot 10 gallery trials; infrared query to visible gallery; official 10-trial aggregate,RGB + IR,0,/home/lab929/ybj/autoresearch-v2/worktrees/c3-recipe-loss-research-20260829/w1,9b573024e9436ac320b5b101ec48948007841ca5,configs/stage_a/recipe_research/c3_swinir_x2_fixed.yaml,,/home/cgv841/ybj/SALT-VI/pretrained/pmt_sysu/jx_vit_base_p16_224-80ecf9dd.pth,/home/cgv841/datasets/SYSU-MM01/,/home/cgv841/datasets/derived/SYSU-MM01-swinir-x2-pmt256-v1,/home/lab929/ybj/experiments/archive/stage_a/SALT-VI-c3-recipe-loss-research-20260829-final-batch2/provenance/batch1_source_snapshot/environment.json,"python scripts/train.py --config_select configs/stage_a/recipe_research/c3_swinir_x2_fixed.yaml --set experiment_name=""m3_cm_margin020"" --set metric_events_path=""/home/lab929/ybj/experiments/stage_a/SALT-VI-c3-recipe-loss-research-20260829/events/m3_cm_margin020.jsonl"" --set metric_experiment_id=""C3-RECIPE-M3-CM-MARGIN020"" --set output_root=""/home/lab929/ybj/experiments/stage_a/SALT-VI-c3-recipe-loss-research-20260829/runs/m3_cm_margin020"" --set pmt_dcl_weight=0.1 --set pmt_intra_triplet_weight=0.0 --set pmt_metric_ramp_epochs=3 --set pmt_metric_start_epoch=6 --set pmt_msel_weight=0.5 --set pmt_progressive_epoch=4 --set pmt_relation_weight=0.0 --set pmt_triplet_margin=0.2 --set triplet_mining=""pmt_cross_modal_hard""",/home/lab929/ybj/experiments/archive/stage_a/SALT-VI-c3-recipe-loss-research-20260829-final-batch2/runs/m3_cm_margin020,succeeded,archived,23,0.685038149356842,0.6584127635901308,0.530060402325417,,,/home/lab929/ybj/experiments/archive/stage_a/SALT-VI-c3-recipe-loss-research-20260829-final-batch2/runs/m3_cm_margin020/sysu/Base/m3_cm_margin020/models/model_IR_23.pth,,retained_best,/home/lab929/ybj/experiments/archive/stage_a/SALT-VI-c3-recipe-loss-research-20260829-final-batch2/provenance/final_metrics.json,/home/lab929/ybj/experiments/archive/stage_a/SALT-VI-c3-recipe-loss-research-20260829-final-batch2/events/m3_cm_margin020.jsonl,best evaluated epoch by Rank-1; official 10-trial aggregate,"{""variant"":""m3_cm_margin020"",""phase"":""mining_margin"",""overrides"":{""pmt_dcl_weight"":0.1,""pmt_intra_triplet_weight"":0.0,""pmt_metric_ramp_epochs"":3,""pmt_metric_start_epoch"":6,""pmt_msel_weight"":0.5,""pmt_progressive_epoch"":4,""pmt_relation_weight"":0.0,""pmt_triplet_margin"":0.2,""triplet_mining"":""pmt_cross_modal_hard""},""runtime_overrides"":{""experiment_name"":""m3_cm_margin020"",""metric_events_path"":""/home/lab929/ybj/experiments/stage_a/SALT-VI-c3-recipe-loss-research-20260829/events/m3_cm_margin020.jsonl"",""metric_experiment_id"":""C3-RECIPE-M3-CM-MARGIN020"",""output_root"":""/home/lab929/ybj/experiments/stage_a/SALT-VI-c3-recipe-loss-research-20260829/runs/m3_cm_margin020""},""evaluated_epochs"":[1,3,5,7,9,11,13,15,17,19,21,23],""protocol"":""dataset=sysu|search=all|gallery=single|trial_ids=0,1,2,3,4,5,6,7,8,9|direction=infrared-to-visible|backend=identity_text|test_modality=IR|query=infrared-image|gallery_modalities=visible-image|caption_lookup=none|caption_seed=none|caption_source=none"",""metrics_scope"":""official_completed_run"",""archive_integrity"":""bytewise_copy_verified_no_new_checksum""}","Single seed. Resolved config, run manifest, best model, optimizer state, events, and launcher log retained.",,,20260831_c3_recipe_loss_final_batch2,archive_verified,exists,bytewise_copy_verified,,present
stage_a_c3_recipe_loss_research_20260829#s0_selective_control,docs/history/stage_a/stage_a_c3_recipe_loss_research_20260831.md,/home/lab929/ybj/experiments/archive/stage_a/SALT-VI-c3-recipe-loss-research-20260829-final-batch2/provenance/archive_manifest.json,,result,C3-RECIPE-S0-SELECTIVE-CONTROL,stage_a,stage_a_c3_recipe_loss_research_20260829,"Cross-modal shared alignment plus a small intra-modal identity term, without relation loss.",SYSU-MM01,all-search single-shot 10 gallery trials; infrared query to visible gallery; official 10-trial aggregate,RGB + IR,0,/home/lab929/ybj/autoresearch-v2/worktrees/c3-recipe-loss-research-20260829/w1,9b573024e9436ac320b5b101ec48948007841ca5,configs/stage_a/recipe_research/c3_swinir_x2_fixed.yaml,,/home/cgv841/ybj/SALT-VI/pretrained/pmt_sysu/jx_vit_base_p16_224-80ecf9dd.pth,/home/cgv841/datasets/SYSU-MM01/,/home/cgv841/datasets/derived/SYSU-MM01-swinir-x2-pmt256-v1,/home/lab929/ybj/experiments/archive/stage_a/SALT-VI-c3-recipe-loss-research-20260829-final-batch2/provenance/batch1_source_snapshot/environment.json,"python scripts/train.py --config_select configs/stage_a/recipe_research/c3_swinir_x2_fixed.yaml --set experiment_name=""s0_selective_control"" --set metric_events_path=""/home/lab929/ybj/experiments/stage_a/SALT-VI-c3-recipe-loss-research-20260829/events/s0_selective_control.jsonl"" --set metric_experiment_id=""C3-RECIPE-S0-SELECTIVE-CONTROL"" --set output_root=""/home/lab929/ybj/experiments/stage_a/SALT-VI-c3-recipe-loss-research-20260829/runs/s0_selective_control"" --set pmt_dcl_weight=0.0 --set pmt_intra_triplet_weight=0.25 --set pmt_metric_ramp_epochs=3 --set pmt_metric_start_epoch=6 --set pmt_msel_weight=0.0 --set pmt_progressive_epoch=4 --set pmt_relation_weight=0.0 --set pmt_triplet_margin=0.1 --set triplet_mining=""pmt_cross_modal_hard""",/home/lab929/ybj/experiments/archive/stage_a/SALT-VI-c3-recipe-loss-research-20260829-final-batch2/runs/s0_selective_control,succeeded,archived,23,0.5889297723770142,0.5760235484998567,0.4486468938124612,,,/home/lab929/ybj/experiments/archive/stage_a/SALT-VI-c3-recipe-loss-research-20260829-final-batch2/runs/s0_selective_control/sysu/Base/s0_selective_control/models/model_IR_23.pth,,retained_best,/home/lab929/ybj/experiments/archive/stage_a/SALT-VI-c3-recipe-loss-research-20260829-final-batch2/provenance/final_metrics.json,/home/lab929/ybj/experiments/archive/stage_a/SALT-VI-c3-recipe-loss-research-20260829-final-batch2/events/s0_selective_control.jsonl,best evaluated epoch by Rank-1; official 10-trial aggregate,"{""variant"":""s0_selective_control"",""phase"":""selective_relation"",""overrides"":{""pmt_dcl_weight"":0.0,""pmt_intra_triplet_weight"":0.25,""pmt_metric_ramp_epochs"":3,""pmt_metric_start_epoch"":6,""pmt_msel_weight"":0.0,""pmt_progressive_epoch"":4,""pmt_relation_weight"":0.0,""pmt_triplet_margin"":0.1,""triplet_mining"":""pmt_cross_modal_hard""},""runtime_overrides"":{""experiment_name"":""s0_selective_control"",""metric_events_path"":""/home/lab929/ybj/experiments/stage_a/SALT-VI-c3-recipe-loss-research-20260829/events/s0_selective_control.jsonl"",""metric_experiment_id"":""C3-RECIPE-S0-SELECTIVE-CONTROL"",""output_root"":""/home/lab929/ybj/experiments/stage_a/SALT-VI-c3-recipe-loss-research-20260829/runs/s0_selective_control""},""evaluated_epochs"":[1,3,5,7,9,11,13,15,17,19,21,23],""protocol"":""dataset=sysu|search=all|gallery=single|trial_ids=0,1,2,3,4,5,6,7,8,9|direction=infrared-to-visible|backend=identity_text|test_modality=IR|query=infrared-image|gallery_modalities=visible-image|caption_lookup=none|caption_seed=none|caption_source=none"",""metrics_scope"":""official_completed_run"",""archive_integrity"":""bytewise_copy_verified_no_new_checksum""}","Single seed. Resolved config, run manifest, best model, optimizer state, events, and launcher log retained.",,,20260831_c3_recipe_loss_final_batch2,archive_verified,exists,bytewise_copy_verified,,present
stage_a_c3_recipe_loss_research_20260829#s1_relation005,docs/history/stage_a/stage_a_c3_recipe_loss_research_20260831.md,/home/lab929/ybj/experiments/archive/stage_a/SALT-VI-c3-recipe-loss-research-20260829-final-batch2/provenance/archive_manifest.json,,result,C3-RECIPE-S1-RELATION005,stage_a,stage_a_c3_recipe_loss_research_20260829,Relation-preserving selective alignment with weight 0.05.,SYSU-MM01,all-search single-shot 10 gallery trials; infrared query to visible gallery; official 10-trial aggregate,RGB + IR,0,/home/lab929/ybj/autoresearch-v2/worktrees/c3-recipe-loss-research-20260829/w1,9b573024e9436ac320b5b101ec48948007841ca5,configs/stage_a/recipe_research/c3_swinir_x2_fixed.yaml,,/home/cgv841/ybj/SALT-VI/pretrained/pmt_sysu/jx_vit_base_p16_224-80ecf9dd.pth,/home/cgv841/datasets/SYSU-MM01/,/home/cgv841/datasets/derived/SYSU-MM01-swinir-x2-pmt256-v1,/home/lab929/ybj/experiments/archive/stage_a/SALT-VI-c3-recipe-loss-research-20260829-final-batch2/provenance/batch1_source_snapshot/environment.json,"python scripts/train.py --config_select configs/stage_a/recipe_research/c3_swinir_x2_fixed.yaml --set experiment_name=""s1_relation005"" --set metric_events_path=""/home/lab929/ybj/experiments/stage_a/SALT-VI-c3-recipe-loss-research-20260829/events/s1_relation005.jsonl"" --set metric_experiment_id=""C3-RECIPE-S1-RELATION005"" --set output_root=""/home/lab929/ybj/experiments/stage_a/SALT-VI-c3-recipe-loss-research-20260829/runs/s1_relation005"" --set pmt_dcl_weight=0.0 --set pmt_intra_triplet_weight=0.25 --set pmt_metric_ramp_epochs=3 --set pmt_metric_start_epoch=6 --set pmt_msel_weight=0.0 --set pmt_progressive_epoch=4 --set pmt_relation_weight=0.05 --set pmt_triplet_margin=0.1 --set triplet_mining=""pmt_cross_modal_hard""",/home/lab929/ybj/experiments/archive/stage_a/SALT-VI-c3-recipe-loss-research-20260829-final-batch2/runs/s1_relation005,failed_user_stopped,archived,21,0.5882461667060852,0.5752288973651072,0.44502835597229556,,,/home/lab929/ybj/experiments/archive/stage_a/SALT-VI-c3-recipe-loss-research-20260829-final-batch2/runs/s1_relation005/sysu/Base/s1_relation005/models/model_IR_21.pth,,retained_interrupted_best,/home/lab929/ybj/experiments/archive/stage_a/SALT-VI-c3-recipe-loss-research-20260829-final-batch2/provenance/final_metrics.json,/home/lab929/ybj/experiments/archive/stage_a/SALT-VI-c3-recipe-loss-research-20260829-final-batch2/events/s1_relation005.jsonl,best evaluated epoch by Rank-1; official 10-trial aggregate,"{""variant"":""s1_relation005"",""phase"":""selective_relation"",""overrides"":{""pmt_dcl_weight"":0.0,""pmt_intra_triplet_weight"":0.25,""pmt_metric_ramp_epochs"":3,""pmt_metric_start_epoch"":6,""pmt_msel_weight"":0.0,""pmt_progressive_epoch"":4,""pmt_relation_weight"":0.05,""pmt_triplet_margin"":0.1,""triplet_mining"":""pmt_cross_modal_hard""},""runtime_overrides"":{""experiment_name"":""s1_relation005"",""metric_events_path"":""/home/lab929/ybj/experiments/stage_a/SALT-VI-c3-recipe-loss-research-20260829/events/s1_relation005.jsonl"",""metric_experiment_id"":""C3-RECIPE-S1-RELATION005"",""output_root"":""/home/lab929/ybj/experiments/stage_a/SALT-VI-c3-recipe-loss-research-20260829/runs/s1_relation005""},""evaluated_epochs"":[1,3,5,7,9,11,13,15,17,19,21],""protocol"":""dataset=sysu|search=all|gallery=single|trial_ids=0,1,2,3,4,5,6,7,8,9|direction=infrared-to-visible|backend=identity_text|test_modality=IR|query=infrared-image|gallery_modalities=visible-image|caption_lookup=none|caption_seed=none|caption_source=none"",""metrics_scope"":""partial_interrupted_run"",""archive_integrity"":""bytewise_copy_verified_no_new_checksum""}",User-stopped failure; partial metrics are retained for provenance and must not be treated as a completed result.,,,20260831_c3_recipe_loss_final_batch2,archive_verified,exists,bytewise_copy_verified,,present
stage_a_c3_recipe_loss_research_20260829#s2_relation010,docs/history/stage_a/stage_a_c3_recipe_loss_research_20260831.md,/home/lab929/ybj/experiments/archive/stage_a/SALT-VI-c3-recipe-loss-research-20260829-final-batch2/provenance/archive_manifest.json,,result,C3-RECIPE-S2-RELATION010,stage_a,stage_a_c3_recipe_loss_research_20260829,Relation-preserving selective alignment with weight 0.10.,SYSU-MM01,all-search single-shot 10 gallery trials; infrared query to visible gallery; official 10-trial aggregate,RGB + IR,0,/home/lab929/ybj/autoresearch-v2/worktrees/c3-recipe-loss-research-20260829/w1,9b573024e9436ac320b5b101ec48948007841ca5,configs/stage_a/recipe_research/c3_swinir_x2_fixed.yaml,,/home/cgv841/ybj/SALT-VI/pretrained/pmt_sysu/jx_vit_base_p16_224-80ecf9dd.pth,/home/cgv841/datasets/SYSU-MM01/,/home/cgv841/datasets/derived/SYSU-MM01-swinir-x2-pmt256-v1,/home/lab929/ybj/experiments/archive/stage_a/SALT-VI-c3-recipe-loss-research-20260829-final-batch2/provenance/batch1_source_snapshot/environment.json,"python scripts/train.py --config_select configs/stage_a/recipe_research/c3_swinir_x2_fixed.yaml --set experiment_name=""s2_relation010"" --set metric_events_path=""/home/lab929/ybj/experiments/stage_a/SALT-VI-c3-recipe-loss-research-20260829/events/s2_relation010.jsonl"" --set metric_experiment_id=""C3-RECIPE-S2-RELATION010"" --set output_root=""/home/lab929/ybj/experiments/stage_a/SALT-VI-c3-recipe-loss-research-20260829/runs/s2_relation010"" --set pmt_dcl_weight=0.0 --set pmt_intra_triplet_weight=0.25 --set pmt_metric_ramp_epochs=3 --set pmt_metric_start_epoch=6 --set pmt_msel_weight=0.0 --set pmt_progressive_epoch=4 --set pmt_relation_weight=0.1 --set pmt_triplet_margin=0.1 --set triplet_mining=""pmt_cross_modal_hard""",/home/lab929/ybj/experiments/archive/stage_a/SALT-VI-c3-recipe-loss-research-20260829-final-batch2/runs/s2_relation010,failed_user_stopped,archived,,,,,,,,,absent_user_stopped_before_evaluation,/home/lab929/ybj/experiments/archive/stage_a/SALT-VI-c3-recipe-loss-research-20260829-final-batch2/provenance/final_metrics.json,/home/lab929/ybj/experiments/archive/stage_a/SALT-VI-c3-recipe-loss-research-20260829-final-batch2/events/s2_relation010.jsonl,best evaluated epoch by Rank-1; official 10-trial aggregate,"{""variant"":""s2_relation010"",""phase"":""selective_relation"",""overrides"":{""pmt_dcl_weight"":0.0,""pmt_intra_triplet_weight"":0.25,""pmt_metric_ramp_epochs"":3,""pmt_metric_start_epoch"":6,""pmt_msel_weight"":0.0,""pmt_progressive_epoch"":4,""pmt_relation_weight"":0.1,""pmt_triplet_margin"":0.1,""triplet_mining"":""pmt_cross_modal_hard""},""runtime_overrides"":{""experiment_name"":""s2_relation010"",""metric_events_path"":""/home/lab929/ybj/experiments/stage_a/SALT-VI-c3-recipe-loss-research-20260829/events/s2_relation010.jsonl"",""metric_experiment_id"":""C3-RECIPE-S2-RELATION010"",""output_root"":""/home/lab929/ybj/experiments/stage_a/SALT-VI-c3-recipe-loss-research-20260829/runs/s2_relation010""},""evaluated_epochs"":[],""protocol"":null,""metrics_scope"":""none"",""archive_integrity"":""bytewise_copy_verified_no_new_checksum""}",User-stopped failure before the first evaluation; no result metric exists.,,,20260831_c3_recipe_loss_final_batch2,archive_verified,not_applicable,user_stopped_no_evaluation,,present
